{
    "genres": [
        {
            "name": "Роман"
        },
        {
            "name": "Sci-Fi"
        },
        {
            "name": "історична драма"
        },
        {
            "name": "Триллер/Драма"
        }
    ],
    "films": [
        {
            "name": "На Західному фронті без змін",
            "author": "Еріх Марія Ремарк",
            "genre_id": 0,
            "year":2019
        },
        {
            "name": "Аватар",
            "author": "Джеймс Кэмерон",
            "genre_id": 1,
            "year":2009
        },
        {
            "name": "Чорнобиль HBO",
            "author": "Крейг Мезін",
            "genre_id": 2,
            "year": 2019
        },
        {
            "name": "Бійцівський Клуб",
            "author": "Чак Паланик",
            "genre_id": 3,
            "year": 1999
        }
        
    ]
}